\c twitter

insert into Users (UserId, ScreenName, Age, Gender, UserCreatedAt, Verified) values ('1', 'iscardefield0', 43, 'Non-Binary', '19/12/2009', true);
insert into Users (UserId, ScreenName, Age, Gender, UserCreatedAt, Verified) values ('2', 'bponten1', 51, 'Female', '7/6/2011', true);
insert into Users (UserId, ScreenName, Age, Gender, UserCreatedAt, Verified) values ('3', 'bthomtson2', 24, 'Male', '8/11/2019', true);
insert into Users (UserId, ScreenName, Age, Gender, UserCreatedAt, Verified) values ('4', 'radran3', 46, 'Female', '3/8/2011', false);
insert into Users (UserId, ScreenName, Age, Gender, UserCreatedAt, Verified) values ('5', 'econklin4', 26, 'Female', '28/4/2008', true);
insert into Users (UserId, ScreenName, Age, Gender, UserCreatedAt, Verified) values ('6', 'lwalas5', 39, 'Non-Binary', '2/11/2008', false);
insert into Users (UserId, ScreenName, Age, Gender, UserCreatedAt, Verified) values ('7', 'qwerty5', 38, 'Male', '5/10/2004', false);
insert into Users (UserId, ScreenName, Age, Gender, UserCreatedAt, Verified) values ('8', 'hcarthy6', 30, 'Male', '5/10/2008', false);
insert into Users (UserId, ScreenName, Age, Gender, UserCreatedAt, Verified) values ('9', 'hcarthy6', 30, 'Male', '5/10/2008', false);
insert into Users (UserId, ScreenName, Age, Gender, UserCreatedAt, Verified) values ('10', 'hcarthy6', 30, 'Male', '5/10/2008', false);


insert into Source (Type) values ('Twitter for iPhone');
insert into Source (Type) values ('Twitter for Android');
insert into Source (Type) values ('Twitter for Web');


insert into Tweet (TweetId, Text, TweetCreatedAt, Location, RetweetCount, FavouriteCount, UserId, SourceType) values ('11', 'aa', '1/6/2018', 'Sanlicheng', 3426, 2314, '3', 'Twitter for iPhone');
insert into Tweet (TweetId, Text, TweetCreatedAt, Location, RetweetCount, FavouriteCount, UserId, SourceType) values ('12', 'bb', '27/3/2013', 'Lebak', 3829, 1178, '4', 'Twitter for Android');
insert into Tweet (TweetId, Text, TweetCreatedAt, Location, RetweetCount, FavouriteCount, UserId, SourceType) values ('13', 'cc', '6/11/2008', 'Pianbai', 2616, 404, '5', 'Twitter for iPhone');
insert into Tweet (TweetId, Text, TweetCreatedAt, Location, RetweetCount, FavouriteCount, UserId, SourceType) values ('14', 'dd', '15/11/2012', 'San Jose', 407, 674, '6', 'Twitter for Web');
insert into Tweet (TweetId, Text, TweetCreatedAt, Location, RetweetCount, FavouriteCount, UserId, SourceType) values ('15', 'ee', '26/4/2010', 'Holma', 3037, 523, '7', 'Twitter for Android');
insert into Tweet (TweetId, Text, TweetCreatedAt, Location, RetweetCount, FavouriteCount, UserId, SourceType) values ('16', 'ff', '3/3/2015', 'Katav-Ivanovsk', 3998, 388, '7', 'Twitter for Android');
insert into Tweet (TweetId, Text, TweetCreatedAt, Location, RetweetCount, FavouriteCount, UserId, SourceType) values ('17', 'gg', '2/12/2014', 'Prilep', 85, 3742, '8', 'Twitter for Web');
insert into Tweet (TweetId, Text, TweetCreatedAt, Location, RetweetCount, FavouriteCount, UserId, SourceType) values ('18', 'hh', '20/3/2010', 'Kagal’nitskaya', 4367, 4145, '9', 'Twitter for Web');
insert into Tweet (TweetId, Text, TweetCreatedAt, Location, RetweetCount, FavouriteCount, UserId, SourceType) values ('19', 'ii', '17/9/2010', 'Ogwashi-Uku', 1813, 2763, '8', 'Twitter for Web');
insert into Tweet (TweetId, Text, TweetCreatedAt, Location, RetweetCount, FavouriteCount, UserId, SourceType) values ('20', 'jj', '18/9/2010', 'Sanqishi', 2996, 3871, '9', 'Twitter for Web');
insert into Tweet (TweetId, Text, TweetCreatedAt, Location, RetweetCount, FavouriteCount, UserId, SourceType) values ('21', 'kk', '9/7/2015', 'Yangxunqiao', 923, 3262, '8', 'Twitter for Web');
insert into Tweet (TweetId, Text, TweetCreatedAt, Location, RetweetCount, FavouriteCount, UserId, SourceType) values ('22', 'll', '15/7/2017', 'Nobo', 555, 3883, '9', 'Twitter for Web');
insert into Tweet (TweetId, Text, TweetCreatedAt, Location, RetweetCount, FavouriteCount, UserId, SourceType) values ('23', 'mm', '9/6/2016', 'La Floresta', 1658, 62, '8','Twitter for Web');
insert into Tweet (TweetId, Text, TweetCreatedAt, Location, RetweetCount, FavouriteCount, UserId, SourceType) values ('24', 'nn', '11/12/2019', 'Nanling', 396, 348, '9', 'Twitter for Web');
insert into Tweet (TweetId, Text, TweetCreatedAt, Location, RetweetCount, FavouriteCount, UserId, SourceType) values ('25', 'oo', '7/5/2015', 'Kālīganj', 3340, 4222, '8', 'Twitter for iPhone');
insert into Tweet (TweetId, Text, TweetCreatedAt, Location, RetweetCount, FavouriteCount, UserId, SourceType) values ('26', 'pp', '4/2/2015', 'Rio', 2665, 3935, '10',  'Twitter for Web');
insert into Tweet (TweetId, Text, TweetCreatedAt, Location, RetweetCount, FavouriteCount, UserId, SourceType) values ('27', 'qq', '31/7/2008', 'Cachipay', 470, 3124, '8', 'Twitter for Web');
insert into Tweet (TweetId, Text, TweetCreatedAt, Location, RetweetCount, FavouriteCount, UserId, SourceType) values ('28', 'rr', '16/1/2017', 'Yanjiang', 2867, 3138, '10', 'Twitter for Web');
insert into Tweet (TweetId, Text, TweetCreatedAt, Location, RetweetCount, FavouriteCount, UserId, SourceType) values ('29', 'ss', '18/4/2007', 'Xilian', 2885, 4290, '10', 'Twitter for Web');
insert into Tweet (TweetId, Text, TweetCreatedAt, Location, RetweetCount, FavouriteCount, UserId, SourceType) values ('30', 'tt', '8/2/2010', 'Maloco', 4060, 4692, '10', 'Twitter for Web');
insert into Tweet (TweetId, Text, TweetCreatedAt, Location, RetweetCount, FavouriteCount, UserId, SourceType) values ('31', 'uu', '7/8/2019', 'Buchlovice', 2267, 3563, '10', 'Twitter for Web');
insert into Tweet (TweetId, Text, TweetCreatedAt, Location, RetweetCount, FavouriteCount, UserId, SourceType) values ('32', 'vv', '18/2/2014', 'Tmourghout', 839, 1087, '9', 'Twitter for Android');


insert into Hashtag (Name) values ('ico');
insert into Hashtag (Name) values ('ethereum');
insert into Hashtag (Name) values ('crypto');
insert into Hashtag (Name) values ('crowdfunding');
insert into Hashtag (Name) values ('medicaid');
insert into Hashtag (Name) values ('blackhistorymonth');
insert into Hashtag (Name) values ('womenshistorymonth');
insert into Hashtag (Name) values ('photography');
insert into Hashtag (Name) values ('iwd2019');
insert into Hashtag (Name) values ('cryptocurrency');
insert into Hashtag (Name) values ('happyeaster');
insert into Hashtag (Name) values ('womensday');
insert into Hashtag (Name) values ('pressforprogress');
insert into Hashtag (Name) values ('happybirthday');
insert into Hashtag (Name) values ('internationalwomensday');
insert into Hashtag (Name) values ('olympics');
insert into Hashtag (Name) values ('pets');
insert into Hashtag (Name) values ('friends');
insert into Hashtag (Name) values ('piday');
insert into Hashtag (Name) values ('worldwaterday');
insert into Hashtag (Name) values ('funny');
insert into Hashtag (Name) values ('contest');
insert into Hashtag (Name) values ('starwarsday');
insert into Hashtag (Name) values ('giveaway');
insert into Hashtag (Name) values ('tuesdaymotivation');
insert into Hashtag (Name) values ('mondaymotivation');
insert into Hashtag (Name) values ('traveltuesday');
insert into Hashtag (Name) values ('wcw');
insert into Hashtag (Name) values ('tbt');
insert into Hashtag (Name) values ('ootd');
insert into Hashtag (Name) values ('vegan');
insert into Hashtag (Name) values ('qa');
insert into Hashtag (Name) values ('healthinsurance');
insert into Hashtag (Name) values ('influencermarketing');
insert into Hashtag (Name) values ('win');
insert into Hashtag (Name) values ('merrychristmas');
insert into Hashtag (Name) values ('bitcoin');



insert into Link (Address, Secured) values ('http://ustream.tv/augue/aliquam.jsp', true);
insert into Link (Address, Secured) values ('http://bloomberg.com/ante/vel.json', true);
insert into Link (Address, Secured) values ('https://deviantart.com/sit/amet/eros/suspendisse.html', false);
insert into Link (Address, Secured) values ('https://github.com/dapibus/at/diam/nam/tristique/tortor/eu.xml', false);